SQL> 
SQL> describe imdb00.name_basics
Name              Null?    Type            
----------------- -------- --------------- 
NCONST            NOT NULL VARCHAR2(10)    
PRIMARYNAME                NVARCHAR2(1000) 
BIRTHYEAR                  VARCHAR2(10)    
DEATHYEAR                  VARCHAR2(10)    
PRIMARYPROFESSION          NVARCHAR2(1000) 
KNOWNFORTITLES             NVARCHAR2(1000) 
SQL> describe imdb00.title_basics
Name           Null?    Type            
-------------- -------- --------------- 
TCONST         NOT NULL VARCHAR2(10)    
TITLETYPE               NVARCHAR2(1000) 
PRIMARYTITLE            NVARCHAR2(1000) 
ORIGINALTITLE           NVARCHAR2(1000) 
ISADULT                 VARCHAR2(10)    
STARTYEAR               VARCHAR2(10)    
ENDYEAR                 VARCHAR2(10)    
RUNTIMEMINUTES          VARCHAR2(20)    
GENRES                  NVARCHAR2(1000) 
SQL> describe imdb00.title_principals
Name       Null?    Type            
---------- -------- --------------- 
TCONST     NOT NULL VARCHAR2(10)    
ORDERING            VARCHAR2(10)    
NCONST     NOT NULL VARCHAR2(10)    
CATEGORY            NVARCHAR2(1000) 
JOB                 NVARCHAR2(1000) 
CHARACTERS          NVARCHAR2(1000) 
SQL> 
SQL> -- checking first n rows to see schema structure 
SQL> select tb.TCONST ||','|| tb.titletype ||','|| tb.primarytitle ||','|| tb.originaltitle ||','|| tb.isadult ||','|| tb.startyear ||','|| tb.endyear ||','|| tb.runtimeminutes ||','|| tb.genres
  2      from imdb00.title_basics tb
  3      fetch first 3 rows only;

TB.TCONST||','||TB.TITLETYPE||','||TB.PRIMARYTITLE||','||TB.ORIGINALTITLE||','||TB.ISADULT||','||TB.STARTYEAR||','||TB.ENDYEAR||','||TB.RUNTIMEMINUTES||','||TB.GENRES                                                                                                                                                                                                                                                                                                                                                                                                                                                                                                                                                                                                                                                                                                                                                                                                                                                                                                                                                                                                                                                                                                                                                                                                         
-------------------------------------------------------------------------------------------------------------------------------------------------------------------------------------------------------------------------------------------------------------------------------------------------------------------------------------------------------------------------------------------------------------------------------------------------------------------------------------------------------------------------------------------------------------------------------------------------------------------------------------------------------------------------------------------------------------------------------------------------------------------------------------------------------------------------------------------------------------------------------------------------------------------------------------------------------------------------------------------------------------------------------------------------------------------------------------------------------------------------------------------------------------------------------------------------------------------------------------------------------------------------------------------------------------------------------------------------------------------------------
tt0000139,short,L'aveugle,L'aveugle,0,1897,\N,\N,Short
tt0000140,short,Baignade dans le torrent,Baignade dans le torrent,0,1897,\N,1,Short
tt0000141,short,Ballet libella,Ballet libella,0,1897,\N,2,Documentary,Short

SQL> 
SQL> TB.TCONST||','||TB.TITLETYPE||','||TB.PRIMARYTITLE||','||TB.ORIGINALTITLE||','||TB.ISADULT||','||TB.STARTYEAR||','||TB.ENDYEAR||','||TB.RUNTIMEMINUTES||','||TB.GENRES




SQL> -- ANALYSIS 1A: Span of acting career in years each actor/actress have been participating using the database along w/ total # of movies made in each year
SQL> 
SQL> -- QUERY: USING NAMEID TO OBTAIN # OF MOVIES PER YEAR OVER ACTIVE CAREER (JULIE ANDREWS)
SQL> 
SQL> SELECT NB.primaryname||','||TB.startyear||','||COUNT(*)
  2  FROM imdb00.name_basics NB, imdb00.title_principals TP, imdb00.title_basics TB
  3  WHERE NB.nconst = TP.nconst AND
  4          TP.tconst = TB.tconst AND
  5          NB.nconst = 'nm0000267' AND
  6          LOWER(TB.titleType) = 'movie' AND
  7          LOWER(TP.category) IN ('actress') AND TB.startyear NOT LIKE '\N'
  8  GROUP BY NB.nconst, NB.primaryname, TB.startyear
  9  ORDER BY TB.startyear ASC;

NB.PRIMARYNAME||','||TB.STARTYEAR||','||COUNT(*)                                                                                                                                                                                                                                                                                                                                                                                                                                                                                                                                                                                                                                                                                                                                                                                                                                                                                                                                                                                                                                                           
-----------------------------------------------------------------------------------------------------------------------------------------------------------------------------------------------------------------------------------------------------------------------------------------------------------------------------------------------------------------------------------------------------------------------------------------------------------------------------------------------------------------------------------------------------------------------------------------------------------------------------------------------------------------------------------------------------------------------------------------------------------------------------------------------------------------------------------------------------------------------------------------------------------------------------------------------------------------------------------------------------------------------------------------------------------------------------------------------------------
Julie Andrews,1960,1
Julie Andrews,1964,2
Julie Andrews,1965,1
Julie Andrews,1966,2
Julie Andrews,1967,1
Julie Andrews,1968,1
Julie Andrews,1970,1
Julie Andrews,1974,1
Julie Andrews,1979,1
Julie Andrews,1980,1
Julie Andrews,1981,1

NB.PRIMARYNAME||','||TB.STARTYEAR||','||COUNT(*)                                                                                                                                                                                                                                                                                                                                                                                                                                                                                                                                                                                                                                                                                                                                                                                                                                                                                                                                                                                                                                                           
-----------------------------------------------------------------------------------------------------------------------------------------------------------------------------------------------------------------------------------------------------------------------------------------------------------------------------------------------------------------------------------------------------------------------------------------------------------------------------------------------------------------------------------------------------------------------------------------------------------------------------------------------------------------------------------------------------------------------------------------------------------------------------------------------------------------------------------------------------------------------------------------------------------------------------------------------------------------------------------------------------------------------------------------------------------------------------------------------------------
Julie Andrews,1982,1
Julie Andrews,1983,1
Julie Andrews,1986,2
Julie Andrews,1988,1
Julie Andrews,1991,1
Julie Andrews,2000,1
Julie Andrews,2001,1
Julie Andrews,2004,2
Julie Andrews,2010,2

20 rows selected. 

SQL> 
SQL> -- QUERY: USING NAMEID TO OBTAIN # OF MOVIES PER YEAR OVER ACTIVE CAREER (BRUCE LEE)
SQL> 
SQL> SELECT NB.primaryname||','||TB.startyear||','||COUNT(*)
  2  FROM imdb00.name_basics NB, imdb00.title_principals TP, imdb00.title_basics TB
  3  WHERE NB.nconst = TP.nconst AND
  4          TP.tconst = TB.tconst AND
  5          NB.nconst = 'nm0000045' AND
  6          LOWER(TB.titleType) = 'movie' AND
  7          LOWER(TP.category) IN ('actor') AND TB.startyear NOT LIKE '\N'
  8  GROUP BY NB.nconst, NB.primaryname, TB.startyear
  9  ORDER BY TB.startyear ASC;

NB.PRIMARYNAME||','||TB.STARTYEAR||','||COUNT(*)                                                                                                                                                                                                                                                                                                                                                                                                                                                                                                                                                                                                                                                                                                                                                                                                                                                                                                                                                                                                                                                           
-----------------------------------------------------------------------------------------------------------------------------------------------------------------------------------------------------------------------------------------------------------------------------------------------------------------------------------------------------------------------------------------------------------------------------------------------------------------------------------------------------------------------------------------------------------------------------------------------------------------------------------------------------------------------------------------------------------------------------------------------------------------------------------------------------------------------------------------------------------------------------------------------------------------------------------------------------------------------------------------------------------------------------------------------------------------------------------------------------------
Bruce Lee,1946,1
Bruce Lee,1950,1
Bruce Lee,1951,1
Bruce Lee,1953,3
Bruce Lee,1955,2
Bruce Lee,1956,1
Bruce Lee,1957,1
Bruce Lee,1960,1
Bruce Lee,1971,1
Bruce Lee,1972,2
Bruce Lee,1973,1

11 rows selected. 

SQL> 
SQL> -- QUERY: USING NAMEID TO OBTAIN # OF MOVIES PER YEAR OVER ACTIVE CAREER (AUDREY HEPBURN)
SQL> SELECT NB.primaryname||','||TB.startyear||','||COUNT(*)
  2  FROM imdb00.name_basics NB, imdb00.title_principals TP, imdb00.title_basics TB
  3  WHERE NB.nconst = TP.nconst AND
  4          TP.tconst = TB.tconst AND
  5          NB.nconst = 'nm0000030' AND
  6          LOWER(TB.titleType) = 'movie' AND
  7          LOWER(TP.category) IN ('actress') AND TB.startyear NOT LIKE '\N'
  8  GROUP BY NB.nconst, NB.primaryname, TB.startyear
  9  ORDER BY TB.startyear ASC;

NB.PRIMARYNAME||','||TB.STARTYEAR||','||COUNT(*)                                                                                                                                                                                                                                                                                                                                                                                                                                                                                                                                                                                                                                                                                                                                                                                                                                                                                                                                                                                                                                                           
-----------------------------------------------------------------------------------------------------------------------------------------------------------------------------------------------------------------------------------------------------------------------------------------------------------------------------------------------------------------------------------------------------------------------------------------------------------------------------------------------------------------------------------------------------------------------------------------------------------------------------------------------------------------------------------------------------------------------------------------------------------------------------------------------------------------------------------------------------------------------------------------------------------------------------------------------------------------------------------------------------------------------------------------------------------------------------------------------------------
Audrey Hepburn,1952,1
Audrey Hepburn,1953,2
Audrey Hepburn,1954,1
Audrey Hepburn,1956,1
Audrey Hepburn,1957,2
Audrey Hepburn,1959,2
Audrey Hepburn,1960,1
Audrey Hepburn,1961,2
Audrey Hepburn,1963,1
Audrey Hepburn,1964,2
Audrey Hepburn,1966,1

NB.PRIMARYNAME||','||TB.STARTYEAR||','||COUNT(*)                                                                                                                                                                                                                                                                                                                                                                                                                                                                                                                                                                                                                                                                                                                                                                                                                                                                                                                                                                                                                                                           
-----------------------------------------------------------------------------------------------------------------------------------------------------------------------------------------------------------------------------------------------------------------------------------------------------------------------------------------------------------------------------------------------------------------------------------------------------------------------------------------------------------------------------------------------------------------------------------------------------------------------------------------------------------------------------------------------------------------------------------------------------------------------------------------------------------------------------------------------------------------------------------------------------------------------------------------------------------------------------------------------------------------------------------------------------------------------------------------------------------
Audrey Hepburn,1967,2
Audrey Hepburn,1976,1
Audrey Hepburn,1979,1
Audrey Hepburn,1981,1

15 rows selected. 

SQL> 
SQL> -- QUERY: USING NAMEID TO OBTAIN # OF MOVIES PER YEAR OVER ACTIVE CAREER (KIRK DOUGLAS)
SQL> SELECT NB.primaryname||','||TB.startyear||','||COUNT(*)
  2  FROM imdb00.name_basics NB, imdb00.title_principals TP, imdb00.title_basics TB
  3  WHERE NB.nconst = TP.nconst AND
  4          TP.tconst = TB.tconst AND
  5          NB.nconst = 'nm0000018' AND
  6          LOWER(TB.titleType) = 'movie' AND
  7          LOWER(TP.category) IN ('actor') AND TB.startyear NOT LIKE '\N'
  8  GROUP BY NB.nconst, NB.primaryname, TB.startyear
  9  ORDER BY TB.startyear ASC;

NB.PRIMARYNAME||','||TB.STARTYEAR||','||COUNT(*)                                                                                                                                                                                                                                                                                                                                                                                                                                                                                                                                                                                                                                                                                                                                                                                                                                                                                                                                                                                                                                                           
-----------------------------------------------------------------------------------------------------------------------------------------------------------------------------------------------------------------------------------------------------------------------------------------------------------------------------------------------------------------------------------------------------------------------------------------------------------------------------------------------------------------------------------------------------------------------------------------------------------------------------------------------------------------------------------------------------------------------------------------------------------------------------------------------------------------------------------------------------------------------------------------------------------------------------------------------------------------------------------------------------------------------------------------------------------------------------------------------------------
Kirk Douglas,1946,1
Kirk Douglas,1947,2
Kirk Douglas,1948,2
Kirk Douglas,1949,2
Kirk Douglas,1950,2
Kirk Douglas,1951,3
Kirk Douglas,1952,3
Kirk Douglas,1953,3
Kirk Douglas,1954,2
Kirk Douglas,1955,3
Kirk Douglas,1956,1

NB.PRIMARYNAME||','||TB.STARTYEAR||','||COUNT(*)                                                                                                                                                                                                                                                                                                                                                                                                                                                                                                                                                                                                                                                                                                                                                                                                                                                                                                                                                                                                                                                           
-----------------------------------------------------------------------------------------------------------------------------------------------------------------------------------------------------------------------------------------------------------------------------------------------------------------------------------------------------------------------------------------------------------------------------------------------------------------------------------------------------------------------------------------------------------------------------------------------------------------------------------------------------------------------------------------------------------------------------------------------------------------------------------------------------------------------------------------------------------------------------------------------------------------------------------------------------------------------------------------------------------------------------------------------------------------------------------------------------------
Kirk Douglas,1957,3
Kirk Douglas,1958,1
Kirk Douglas,1959,2
Kirk Douglas,1960,2
Kirk Douglas,1961,2
Kirk Douglas,1962,2
Kirk Douglas,1963,3
Kirk Douglas,1964,1
Kirk Douglas,1965,2
Kirk Douglas,1966,1
Kirk Douglas,1967,2

NB.PRIMARYNAME||','||TB.STARTYEAR||','||COUNT(*)                                                                                                                                                                                                                                                                                                                                                                                                                                                                                                                                                                                                                                                                                                                                                                                                                                                                                                                                                                                                                                                           
-----------------------------------------------------------------------------------------------------------------------------------------------------------------------------------------------------------------------------------------------------------------------------------------------------------------------------------------------------------------------------------------------------------------------------------------------------------------------------------------------------------------------------------------------------------------------------------------------------------------------------------------------------------------------------------------------------------------------------------------------------------------------------------------------------------------------------------------------------------------------------------------------------------------------------------------------------------------------------------------------------------------------------------------------------------------------------------------------------------
Kirk Douglas,1968,2
Kirk Douglas,1969,1
Kirk Douglas,1970,1
Kirk Douglas,1971,3
Kirk Douglas,1972,1
Kirk Douglas,1973,1
Kirk Douglas,1975,2
Kirk Douglas,1977,1
Kirk Douglas,1978,1
Kirk Douglas,1979,2
Kirk Douglas,1980,2

NB.PRIMARYNAME||','||TB.STARTYEAR||','||COUNT(*)                                                                                                                                                                                                                                                                                                                                                                                                                                                                                                                                                                                                                                                                                                                                                                                                                                                                                                                                                                                                                                                           
-----------------------------------------------------------------------------------------------------------------------------------------------------------------------------------------------------------------------------------------------------------------------------------------------------------------------------------------------------------------------------------------------------------------------------------------------------------------------------------------------------------------------------------------------------------------------------------------------------------------------------------------------------------------------------------------------------------------------------------------------------------------------------------------------------------------------------------------------------------------------------------------------------------------------------------------------------------------------------------------------------------------------------------------------------------------------------------------------------------
Kirk Douglas,1982,1
Kirk Douglas,1983,1
Kirk Douglas,1986,1
Kirk Douglas,1991,1
Kirk Douglas,1994,1
Kirk Douglas,1999,1
Kirk Douglas,2003,1
Kirk Douglas,2004,1

41 rows selected. 



SQL> 
SQL> -- ANALYSIS 1B: Divide the span into 4 or 5 disjoint periods and compute the total number of movies the actor/actress has participated in (in any genre) in each period
SQL> -- to track and visualize their career progress. (visualization done using python -- line graph)
SQL> 
SQL> -- QUERY: 
SQL> SELECT NB.primaryname||','||TB.startyear||','||COUNT(*)
  2  FROM imdb00.name_basics NB, imdb00.title_principals TP, imdb00.title_basics TB
  3  WHERE NB.nconst = TP.nconst AND
  4          TP.tconst = TB.tconst AND
  5          NB.nconst IN ('nm0000018','nm0000267','nm0000030','nm0000045') AND 
  6          TB.startyear BETWEEN '1941' AND '1961' AND
  7          LOWER(TB.titleType) = 'movie' AND
  8          LOWER(TP.category) IN ('actor','actress') AND TB.startyear NOT LIKE '\N'
  9  GROUP BY NB.nconst, NB.primaryname, TB.startyear
 10  ORDER BY TB.startyear ASC;

NB.PRIMARYNAME||','||TB.STARTYEAR||','||COUNT(*)                                                                                                                                                                                                                                                                                                                                                                                                                                                                                                                                                                                                                                                                                                                                                                                                                                                                                                                                                                                                                                                           
-----------------------------------------------------------------------------------------------------------------------------------------------------------------------------------------------------------------------------------------------------------------------------------------------------------------------------------------------------------------------------------------------------------------------------------------------------------------------------------------------------------------------------------------------------------------------------------------------------------------------------------------------------------------------------------------------------------------------------------------------------------------------------------------------------------------------------------------------------------------------------------------------------------------------------------------------------------------------------------------------------------------------------------------------------------------------------------------------------------
Bruce Lee,1946,1
Kirk Douglas,1946,1
Kirk Douglas,1947,2
Kirk Douglas,1948,2
Kirk Douglas,1949,2
Bruce Lee,1950,1
Kirk Douglas,1950,2
Bruce Lee,1951,1
Kirk Douglas,1951,3
Audrey Hepburn,1952,1
Kirk Douglas,1952,3

NB.PRIMARYNAME||','||TB.STARTYEAR||','||COUNT(*)                                                                                                                                                                                                                                                                                                                                                                                                                                                                                                                                                                                                                                                                                                                                                                                                                                                                                                                                                                                                                                                           
-----------------------------------------------------------------------------------------------------------------------------------------------------------------------------------------------------------------------------------------------------------------------------------------------------------------------------------------------------------------------------------------------------------------------------------------------------------------------------------------------------------------------------------------------------------------------------------------------------------------------------------------------------------------------------------------------------------------------------------------------------------------------------------------------------------------------------------------------------------------------------------------------------------------------------------------------------------------------------------------------------------------------------------------------------------------------------------------------------------
Audrey Hepburn,1953,2
Bruce Lee,1953,3
Kirk Douglas,1953,3
Audrey Hepburn,1954,1
Kirk Douglas,1954,2
Bruce Lee,1955,2
Kirk Douglas,1955,3
Audrey Hepburn,1956,1
Bruce Lee,1956,1
Kirk Douglas,1956,1
Audrey Hepburn,1957,2

NB.PRIMARYNAME||','||TB.STARTYEAR||','||COUNT(*)                                                                                                                                                                                                                                                                                                                                                                                                                                                                                                                                                                                                                                                                                                                                                                                                                                                                                                                                                                                                                                                           
-----------------------------------------------------------------------------------------------------------------------------------------------------------------------------------------------------------------------------------------------------------------------------------------------------------------------------------------------------------------------------------------------------------------------------------------------------------------------------------------------------------------------------------------------------------------------------------------------------------------------------------------------------------------------------------------------------------------------------------------------------------------------------------------------------------------------------------------------------------------------------------------------------------------------------------------------------------------------------------------------------------------------------------------------------------------------------------------------------------
Bruce Lee,1957,1
Kirk Douglas,1957,3
Kirk Douglas,1958,1
Audrey Hepburn,1959,2
Kirk Douglas,1959,2
Audrey Hepburn,1960,1
Bruce Lee,1960,1
Julie Andrews,1960,1
Kirk Douglas,1960,2
Audrey Hepburn,1961,2
Kirk Douglas,1961,2

33 rows selected. 

SQL> 
SQL> SELECT NB.primaryname||','||TB.startyear||','||COUNT(*)
  2  FROM imdb00.name_basics NB, imdb00.title_principals TP, imdb00.title_basics TB
  3  WHERE NB.nconst = TP.nconst AND
  4          TP.tconst = TB.tconst AND
  5          NB.nconst IN ('nm0000018','nm0000267','nm0000030','nm0000045') AND 
  6          TB.startyear BETWEEN '1962' AND '1981' AND
  7          LOWER(TB.titleType) = 'movie' AND
  8          LOWER(TP.category) IN ('actor','actress') AND TB.startyear NOT LIKE '\N'
  9  GROUP BY NB.nconst, NB.primaryname, TB.startyear
 10  ORDER BY TB.startyear ASC;

NB.PRIMARYNAME||','||TB.STARTYEAR||','||COUNT(*)                                                                                                                                                                                                                                                                                                                                                                                                                                                                                                                                                                                                                                                                                                                                                                                                                                                                                                                                                                                                                                                           
-----------------------------------------------------------------------------------------------------------------------------------------------------------------------------------------------------------------------------------------------------------------------------------------------------------------------------------------------------------------------------------------------------------------------------------------------------------------------------------------------------------------------------------------------------------------------------------------------------------------------------------------------------------------------------------------------------------------------------------------------------------------------------------------------------------------------------------------------------------------------------------------------------------------------------------------------------------------------------------------------------------------------------------------------------------------------------------------------------------
Kirk Douglas,1962,2
Audrey Hepburn,1963,1
Kirk Douglas,1963,3
Audrey Hepburn,1964,2
Julie Andrews,1964,2
Kirk Douglas,1964,1
Julie Andrews,1965,1
Kirk Douglas,1965,2
Audrey Hepburn,1966,1
Julie Andrews,1966,2
Kirk Douglas,1966,1

NB.PRIMARYNAME||','||TB.STARTYEAR||','||COUNT(*)                                                                                                                                                                                                                                                                                                                                                                                                                                                                                                                                                                                                                                                                                                                                                                                                                                                                                                                                                                                                                                                           
-----------------------------------------------------------------------------------------------------------------------------------------------------------------------------------------------------------------------------------------------------------------------------------------------------------------------------------------------------------------------------------------------------------------------------------------------------------------------------------------------------------------------------------------------------------------------------------------------------------------------------------------------------------------------------------------------------------------------------------------------------------------------------------------------------------------------------------------------------------------------------------------------------------------------------------------------------------------------------------------------------------------------------------------------------------------------------------------------------------
Audrey Hepburn,1967,2
Julie Andrews,1967,1
Kirk Douglas,1967,2
Julie Andrews,1968,1
Kirk Douglas,1968,2
Kirk Douglas,1969,1
Julie Andrews,1970,1
Kirk Douglas,1970,1
Bruce Lee,1971,1
Kirk Douglas,1971,3
Bruce Lee,1972,2

NB.PRIMARYNAME||','||TB.STARTYEAR||','||COUNT(*)                                                                                                                                                                                                                                                                                                                                                                                                                                                                                                                                                                                                                                                                                                                                                                                                                                                                                                                                                                                                                                                           
-----------------------------------------------------------------------------------------------------------------------------------------------------------------------------------------------------------------------------------------------------------------------------------------------------------------------------------------------------------------------------------------------------------------------------------------------------------------------------------------------------------------------------------------------------------------------------------------------------------------------------------------------------------------------------------------------------------------------------------------------------------------------------------------------------------------------------------------------------------------------------------------------------------------------------------------------------------------------------------------------------------------------------------------------------------------------------------------------------------
Kirk Douglas,1972,1
Bruce Lee,1973,1
Kirk Douglas,1973,1
Julie Andrews,1974,1
Kirk Douglas,1975,2
Audrey Hepburn,1976,1
Kirk Douglas,1977,1
Kirk Douglas,1978,1
Audrey Hepburn,1979,1
Julie Andrews,1979,1
Kirk Douglas,1979,2

NB.PRIMARYNAME||','||TB.STARTYEAR||','||COUNT(*)                                                                                                                                                                                                                                                                                                                                                                                                                                                                                                                                                                                                                                                                                                                                                                                                                                                                                                                                                                                                                                                           
-----------------------------------------------------------------------------------------------------------------------------------------------------------------------------------------------------------------------------------------------------------------------------------------------------------------------------------------------------------------------------------------------------------------------------------------------------------------------------------------------------------------------------------------------------------------------------------------------------------------------------------------------------------------------------------------------------------------------------------------------------------------------------------------------------------------------------------------------------------------------------------------------------------------------------------------------------------------------------------------------------------------------------------------------------------------------------------------------------------
Julie Andrews,1980,1
Kirk Douglas,1980,2
Audrey Hepburn,1981,1
Julie Andrews,1981,1

37 rows selected. 

SQL> 
SQL> SELECT NB.primaryname||','||TB.startyear||','||COUNT(*)
  2  FROM imdb00.name_basics NB, imdb00.title_principals TP, imdb00.title_basics TB
  3  WHERE NB.nconst = TP.nconst AND
  4          TP.tconst = TB.tconst AND
  5          NB.nconst IN ('nm0000018','nm0000267','nm0000030','nm0000045') AND 
  6          TB.startyear BETWEEN '1982' AND '2001' AND
  7          LOWER(TB.titleType) = 'movie' AND
  8          LOWER(TP.category) IN ('actor','actress') AND TB.startyear NOT LIKE '\N'
  9  GROUP BY NB.nconst, NB.primaryname, TB.startyear
 10  ORDER BY TB.startyear ASC;

NB.PRIMARYNAME||','||TB.STARTYEAR||','||COUNT(*)                                                                                                                                                                                                                                                                                                                                                                                                                                                                                                                                                                                                                                                                                                                                                                                                                                                                                                                                                                                                                                                           
-----------------------------------------------------------------------------------------------------------------------------------------------------------------------------------------------------------------------------------------------------------------------------------------------------------------------------------------------------------------------------------------------------------------------------------------------------------------------------------------------------------------------------------------------------------------------------------------------------------------------------------------------------------------------------------------------------------------------------------------------------------------------------------------------------------------------------------------------------------------------------------------------------------------------------------------------------------------------------------------------------------------------------------------------------------------------------------------------------------
Julie Andrews,1982,1
Kirk Douglas,1982,1
Julie Andrews,1983,1
Kirk Douglas,1983,1
Julie Andrews,1986,2
Kirk Douglas,1986,1
Julie Andrews,1988,1
Julie Andrews,1991,1
Kirk Douglas,1991,1
Kirk Douglas,1994,1
Kirk Douglas,1999,1

NB.PRIMARYNAME||','||TB.STARTYEAR||','||COUNT(*)                                                                                                                                                                                                                                                                                                                                                                                                                                                                                                                                                                                                                                                                                                                                                                                                                                                                                                                                                                                                                                                           
-----------------------------------------------------------------------------------------------------------------------------------------------------------------------------------------------------------------------------------------------------------------------------------------------------------------------------------------------------------------------------------------------------------------------------------------------------------------------------------------------------------------------------------------------------------------------------------------------------------------------------------------------------------------------------------------------------------------------------------------------------------------------------------------------------------------------------------------------------------------------------------------------------------------------------------------------------------------------------------------------------------------------------------------------------------------------------------------------------------
Julie Andrews,2000,1
Julie Andrews,2001,1

13 rows selected. 

SQL> 
SQL> SELECT NB.primaryname||','||TB.startyear||','||COUNT(*)
  2  FROM imdb00.name_basics NB, imdb00.title_principals TP, imdb00.title_basics TB
  3  WHERE NB.nconst = TP.nconst AND
  4          TP.tconst = TB.tconst AND
  5          NB.nconst IN ('nm0000018','nm0000267','nm0000030','nm0000045') AND 
  6          TB.startyear BETWEEN '2002' AND '2022' AND
  7          LOWER(TB.titleType) = 'movie' AND
  8          LOWER(TP.category) IN ('actor','actress') AND TB.startyear NOT LIKE '\N'
  9  GROUP BY NB.nconst, NB.primaryname, TB.startyear
 10  ORDER BY TB.startyear ASC;

NB.PRIMARYNAME||','||TB.STARTYEAR||','||COUNT(*)                                                                                                                                                                                                                                                                                                                                                                                                                                                                                                                                                                                                                                                                                                                                                                                                                                                                                                                                                                                                                                                           
-----------------------------------------------------------------------------------------------------------------------------------------------------------------------------------------------------------------------------------------------------------------------------------------------------------------------------------------------------------------------------------------------------------------------------------------------------------------------------------------------------------------------------------------------------------------------------------------------------------------------------------------------------------------------------------------------------------------------------------------------------------------------------------------------------------------------------------------------------------------------------------------------------------------------------------------------------------------------------------------------------------------------------------------------------------------------------------------------------------
Kirk Douglas,2003,1
Julie Andrews,2004,2
Kirk Douglas,2004,1
Julie Andrews,2010,2



SQL> 
SQL> -- ANALYSIS 1C: Compare the actors/actresses chosen for each period over their acting career life using visualization (done using python -- bar chart or maybe pie chart) 
SQL> -- Python
SQL> 
SQL> 


SQL> -- ANALYSIS 2: Find any actor and actress who have done the maximum number of movies and minimum number of movies between 1968-1977 
SQL> 
SQL> --QUERY:
SQL> -- MAX number of movies done between 10 year period (actresses)
SQL> SELECT NB.nconst||','||NB.primaryname||','||COUNT(*)
  2  FROM imdb00.name_basics NB, imdb00.title_principals TP, imdb00.title_basics TB
  3  WHERE NB.nconst = TP.nconst AND
  4          TP.tconst = TB.tconst AND
  5          TB.startyear BETWEEN '1968' AND '1977' AND
  6          LOWER(TB.titleType) = 'movie' AND
  7          LOWER(TP.category) IN ('actress') AND TB.startyear NOT LIKE '\N'
  8  GROUP BY NB.nconst, NB.primaryname
  9  ORDER BY COUNT(*) DESC FETCH first 1 row ONLY;

NB.NCONST||','||NB.PRIMARYNAME||','||COUNT(*)                                                                                                                                                                                                                                                                                                                                                                                                                                                                                                                                                                                                                                                                                                                                                                                                                                                                                                                                                                                                                                                               
------------------------------------------------------------------------------------------------------------------------------------------------------------------------------------------------------------------------------------------------------------------------------------------------------------------------------------------------------------------------------------------------------------------------------------------------------------------------------------------------------------------------------------------------------------------------------------------------------------------------------------------------------------------------------------------------------------------------------------------------------------------------------------------------------------------------------------------------------------------------------------------------------------------------------------------------------------------------------------------------------------------------------------------------------------------------------------------------------------
nm0950902,Yun Jeong-hie,171

SQL> 
SQL> -- MIN number of movies done between 10 year period (actress)
SQL> SELECT NB.nconst||','||NB.primaryname||','||COUNT(*)
  2  FROM imdb00.name_basics NB, imdb00.title_principals TP, imdb00.title_basics TB
  3  WHERE NB.nconst = TP.nconst AND
  4          TP.tconst = TB.tconst AND
  5          TB.startyear BETWEEN '1968' AND '1977' AND
  6          LOWER(TB.titleType) = 'movie' AND
  7          LOWER(TP.category) IN ('actress') AND TB.startyear NOT LIKE '\N'
  8  GROUP BY NB.nconst, NB.primaryname HAVING COUNT(*) >= 3
  9  ORDER BY COUNT(*) ASC FETCH first 3 rows ONLY;

NB.NCONST||','||NB.PRIMARYNAME||','||COUNT(*)                                                                                                                                                                                                                                                                                                                                                                                                                                                                                                                                                                                                                                                                                                                                                                                                                                                                                                                                                                                                                                                               
------------------------------------------------------------------------------------------------------------------------------------------------------------------------------------------------------------------------------------------------------------------------------------------------------------------------------------------------------------------------------------------------------------------------------------------------------------------------------------------------------------------------------------------------------------------------------------------------------------------------------------------------------------------------------------------------------------------------------------------------------------------------------------------------------------------------------------------------------------------------------------------------------------------------------------------------------------------------------------------------------------------------------------------------------------------------------------------------------------
nm0709537,Anne Randall,3
nm0815561,Luchy Soto,3
nm0044642,Karin Baal,3

SQL> 
SQL> -- MAX number of movies done between 10 year period (actor)
SQL> SELECT NB.nconst||','||NB.primaryname||','||COUNT(*)
  2  FROM imdb00.name_basics NB, imdb00.title_principals TP, imdb00.title_basics TB
  3  WHERE NB.nconst = TP.nconst AND
  4          TP.tconst = TB.tconst AND
  5          TB.startyear BETWEEN '1968' AND '1977' AND
  6          LOWER(TB.titleType) = 'movie' AND
  7          LOWER(TP.category) IN ('actor') AND TB.startyear NOT LIKE '\N'
  8  GROUP BY NB.nconst, NB.primaryname
  9  ORDER BY COUNT(*) DESC FETCH first 1 row ONLY;

NB.NCONST||','||NB.PRIMARYNAME||','||COUNT(*)                                                                                                                                                                                                                                                                                                                                                                                                                                                                                                                                                                                                                                                                                                                                                                                                                                                                                                                                                                                                                                                               
------------------------------------------------------------------------------------------------------------------------------------------------------------------------------------------------------------------------------------------------------------------------------------------------------------------------------------------------------------------------------------------------------------------------------------------------------------------------------------------------------------------------------------------------------------------------------------------------------------------------------------------------------------------------------------------------------------------------------------------------------------------------------------------------------------------------------------------------------------------------------------------------------------------------------------------------------------------------------------------------------------------------------------------------------------------------------------------------------------
nm0006982,Adoor Bhasi,306

SQL> 
SQL> -- MIN number of movies done between 10 year period (actor)
SQL> SELECT NB.nconst||','||NB.primaryname||','||COUNT(*)
  2  FROM imdb00.name_basics NB, imdb00.title_principals TP, imdb00.title_basics TB
  3  WHERE NB.nconst = TP.nconst AND
  4          TP.tconst = TB.tconst AND
  5          TB.startyear BETWEEN '1968' AND '1977' AND
  6          LOWER(TB.titleType) = 'movie' AND
  7          LOWER(TP.category) IN ('actor') AND TB.startyear NOT LIKE '\N'
  8  GROUP BY NB.nconst, NB.primaryname HAVING COUNT(*) >= 3
  9  ORDER BY COUNT(*) ASC FETCH first 3 rows ONLY;

NB.NCONST||','||NB.PRIMARYNAME||','||COUNT(*)                                                                                                                                                                                                                                                                                                                                                                                                                                                                                                                                                                                                                                                                                                                                                                                                                                                                                                                                                                                                                                                               
------------------------------------------------------------------------------------------------------------------------------------------------------------------------------------------------------------------------------------------------------------------------------------------------------------------------------------------------------------------------------------------------------------------------------------------------------------------------------------------------------------------------------------------------------------------------------------------------------------------------------------------------------------------------------------------------------------------------------------------------------------------------------------------------------------------------------------------------------------------------------------------------------------------------------------------------------------------------------------------------------------------------------------------------------------------------------------------------------------
nm0000964,Charles Boyer,3
nm0000974,Walter Brennan,3
nm0001569,Chuck Norris,3

